user_id,name,email,age
00234e50-34eb-4ce2-94ec-26e3fa749796,Dan Altenwerth Jr.,Molly59@gmail.com,67
006bfede-724d-4cdd-a2a6-59700f40d0da,Glenda Wisozk,Miriam21@gmail.com,119
006e1f7f-90c2-45ad-8c1d-1275d594cc88,Daniel Fahey IV,Delia.Lesch11@hotmail.com,49
00af05c9-0a86-419e-8c2d-5fb7e899ae1c,Ronnie Bechtelar,Sandra19@yahoo.com,22
00cc08cc-62f4-4da1-b8e4-f5d9ef5dbbd4,Alma Bechtelar,Shelly_Balistreri22@hotmail.com,102
0108f490-7535-4b4c-9f31-9b40b4ab4f3e,Lorenzo Witting,Lorenzo.Witting@yahoo.com,35
0131cbe3-7a7d-4c5b-8e6e-8d3c8e4e4e4e,Sarah Johnson,sarah.johnson@example.com,28
0145dbe3-7a7d-4c5b-8e6e-8d3c8e4e4e4e,Mike Smith,mike.smith@example.com,42
0156ebe3-7a7d-4c5b-8e6e-8d3c8e4e4e4e,Emma Wilson,emma.wilson@example.com,31
0167fbe3-7a7d-4c5b-8e6e-8d3c8e4e4e4e,John Davis,john.davis@example.com,45
0178gbe3-7a7d-4c5b-8e6e-8d3c8e4e4e4e,Lisa Brown,lisa.brown@example.com,29
0189hbe3-7a7d-4c5b-8e6e-8d3c8e4e4e4e,David Wilson,david.wilson@example.com,38
0190ibe3-7a7d-4c5b-8e6e-8d3c8e4e4e4e,Maria Garcia,maria.garcia@example.com,33
0201jbe3-7a7d-4c5b-8e6e-8d3c8e4e4e4e,James Miller,james.miller@example.com,41
